party_name,country_name,party_name_english,party_name_short,populist,populist_start,populist_end,populist_startnobl,populist_endnobl,populist_bl,farright,farright_start,farright_end,farright_startnobl,farright_endnobl,farright_bl,farleft,farleft_start,farleft_end,farleft_startnobl,farleft_endnobl,farleft_bl,eurosceptic,eurosceptic_start,eurosceptic_end,eurosceptic_startnobl,eurosceptic_endnobl,eurosceptic_bl,partyfacts_id,parlgov_id,manifesto_id
Bündnis Zukunft Österreich,Austria,Alliance for the Future of Austria,BZÖ,1,1900,2100,1900,2100,0,1,1900,2100,1900,2100,0,0,2100,2100,2100,2100,0,1,1900,2100,1900,2100,0,599,1536,42710
Freiheitliche Partei Österreichs,Austria,Freedom Party of Austria,FPÖ,1,1900,2100,1900,2100,0,1,1900,2100,1900,2100,0,0,2100,2100,2100,2100,0,1,1900,2100,1900,2100,0,463,50,42420
Liste Dr. Hans-Peter Martin,Austria,Hans-Peter Martin's List,Martin,1,1900,2100,1900,2100,0,0,2100,2100,2100,2100,0,0,2100,2100,2100,2100,0,1,1900,2100,1900,2100,0,1708,669,
Team Stronach,Austria,Team Stronach,TS,1,1900,2100,1900,2100,0,0,2100,2100,2100,2100,0,0,2100,2100,2100,2100,0,1,1900,2100,1900,2100,0,1971,2150,42951
Front National,Belgium,National Front,FN,1,1900,2100,1900,2100,0,1,1900,2100,1900,2100,0,0,2100,2100,2100,2100,0,1,1900,2100,1900,2100,0,191,171,
"Lijst Dedecker | Libertair, Direct, Democratisch",Belgium,"Libertarian, Direct, Democratic",LDD,1,1900,2100,1900,2100,0,0,2100,2100,2100,2100,0,0,2100,2100,2100,2100,0,0,2100,2100,2100,2100,1,43,221,21430
Parti populaire,Belgium,People's Party,Pp,1,1900,2100,1900,2100,0,1,1900,2100,1900,2100,0,0,2100,2100,2100,2100,0,1,1900,2100,1900,2100,0,639,438,
Partij van de Arbeid – Parti du Travail de Belgique,Belgium,Workers' Party of Belgium,PVDA/PTB,0,2100,2100,2100,2100,0,0,2100,2100,2100,2100,0,1,1900,2100,1900,2100,0,1,1900,2100,1900,2100,0,1753,256,
Vlaams Blok,Belgium,Flemish Interest,VB,1,1900,2100,1900,2100,0,1,1900,2100,1900,2100,0,0,2100,2100,2100,2100,0,1,1900,2100,1900,2100,0,553,993,21914
Ataka,Bulgaria,Attack,Ataka,1,1900,2100,1900,2100,0,1,1900,2100,1900,2100,0,0,2100,2100,2100,2100,0,1,1900,2100,1900,2100,0,1793,535,80710
Balgarija bes Zensura,Bulgaria,Reload Bulgaria / Bulgaria Without Censorship,BBZ/BBT,1,1900,2100,1900,2100,0,0,2100,2100,2100,2100,0,0,2100,2100,2100,2100,0,1,1900,2100,1900,2100,0,3188,2362,80630
Balgarski Biznes Blok,Bulgaria,Bulgarian Business Bloc,BBB,1,1900,2100,1900,2100,0,0,2100,2100,2100,2100,0,0,2100,2100,2100,2100,0,0,2100,2100,2100,2100,0,1027,599,80901
Grazhdani za Evropeysko Razvitie na Balgariya,Bulgaria,Citizens for European Development of Bulgaria,GERB,1,1900,2100,1900,2014,0,0,2100,2100,2100,2100,0,0,2100,2100,2100,2100,0,0,2100,2100,2100,2100,0,760,1541,80510
Natsionalen Front za Spasenie na Balgariya,Bulgaria,National Front for the Salvation of Bulgaria,NFSB,1,1900,2100,1900,2100,0,1,1900,2100,1900,2100,0,0,2100,2100,2100,2100,0,1,1900,2100,1900,2100,0,2057,2211,
Natsionalno Dvizhenie Simeon Vtori,Bulgaria,National Movement Simeon II,NDSV,1,1900,2100,1900,2100,0,0,2100,2100,2100,2100,0,0,2100,2100,2100,2100,0,0,2100,2100,2100,2100,0,374,544,80902
"Red, zakonnost i spravedlivost",Bulgaria,"Order, Law and Justice",RZS,1,1900,2100,1900,2100,0,1,1900,2100,1900,2100,0,0,2100,2100,2100,2100,0,0,2100,2100,2100,2100,0,272,636,80620
VMRO – Balgarsko Natsionalno Dvizhenie,Bulgaria,IMRO - National Bulgarian Movement,IMRO,1,1900,2100,1900,2100,0,1,1900,2100,1900,2100,0,0,2100,2100,2100,2100,0,1,1900,2100,1900,2100,0,2056,2212,
Volya,Bulgaria,Will,Volya,1,1900,2100,1900,2100,0,1,1900,2100,1900,2100,0,0,2100,2100,2100,2100,0,1,1900,2100,1900,2100,0,5863,2637,80640
Hrvatska gradanska stranka,Croatia,Croatian Civic Party,HGS,1,1900,2100,1900,2100,0,0,2100,2100,2100,2100,0,0,2100,2100,2100,2100,0,0,2100,2100,2100,2100,0,,2193,
Hrvatska stranka prava,Croatia,Croatian Party of Rights,HSP,0,2100,2100,2100,2100,0,1,1900,2100,1900,2100,0,0,2100,2100,2100,2100,0,1,1900,2100,1900,2100,0,253,1044,81713
Hrvatska stranka prava dr. Ante Starcevic,Croatia,Croatian Party of Rights -- Dr. Ante Starcevic,HSP-AS,0,2100,2100,2100,2100,0,1,1900,2100,1900,2100,0,0,2100,2100,2100,2100,0,1,1900,2100,1900,2100,0,,2181,
Hrvatski demokratski savez Slavonije i Baranje,Croatia,Croatian Democratic Alliance of Slavonia and Baranja,HDSSB,1,1900,2100,1900,2100,0,1,1900,2100,1900,2100,0,0,2100,2100,2100,2100,0,0,2100,2100,2100,2100,0,2347,2135,81952
Hrvatski laburisti – Stranka rada,Croatia,Croatian Labourists - Labour Party,HL-SR/CL-LP,1,1900,2100,1900,2100,0,0,2100,2100,2100,2100,0,1,1900,2100,1900,2100,0,0,2100,2100,2100,2100,0,3143,2182,
Hrvatski rast,Croatia,Croatian Growth,Hrast,0,2100,2100,2100,2100,0,1,1900,2100,1900,2100,0,0,2100,2100,2100,2100,0,1,1900,2100,1900,2100,0,3138,2185,
Most nezavisnih lista,Croatia,Bridge of Independent Lists,MOST,1,1900,2100,1900,2100,0,0,2100,2100,2100,2100,0,0,2100,2100,2100,2100,0,0,2100,2100,2100,2100,0,4865,2615,81460
Živi zid,Croatia,Human Shield,Zivi Zid,1,1900,2100,1900,2100,0,0,2100,2100,2100,2100,0,0,2100,2100,2100,2100,0,1,1900,2100,1900,2100,0,4867,2612,81960
Anorthotikó Kómma Ergazómenou Laoú,Cyprus,Progressive Party of Working People,AKEL,0,2100,2100,2100,2100,0,0,2100,2100,2100,2100,0,1,1900,2100,1900,2100,0,1,1900,2100,1900,2100,0,1076,572,55321
Ethniko Laiko Metopo,Cyprus,National Popular Front,ELAM,0,2100,2100,2100,2100,0,1,1900,2100,1900,2100,0,0,2100,2100,2100,2100,0,1,1900,2100,2100,2100,1,1013,1768,55720
Symmaxia,Cyprus,Citizens' Alliance,SYM / SYPOL,1,1900,2100,1900,2100,0,0,2100,2100,2100,2100,0,1,1900,2100,1900,2100,0,0,1900,2100,1900,2100,0,3117,2341,55340
Akce nespokojených obcanu,Czech Republic,Action of Dissatisfied Citizens,ANO,1,1900,2100,2100,2100,1,0,2100,2100,2100,2100,0,0,2100,2100,2100,2100,0,0,2100,2100,2100,2100,0,2141,2263,82430
Komunistická strana Cech a Moravy,Czech Republic,Communist Party of Bohemia and Moravia,KSCM,0,2100,2100,2100,2100,0,0,2100,2100,2100,2100,0,1,1900,2100,1900,2100,0,1,1900,2100,1900,2100,0,1728,1173,82220
Komunistická strana Ceskoslovenska,Czech Republic,Communist Party of Czechoslovakia,KSC,0,2100,2100,2100,2100,0,0,2100,2100,2100,2100,0,1,1900,2100,1900,2100,0,1,1900,2100,1900,2100,0,1041,665,
Sdruzení pro republiku – Republikánská strana Ceskoslovenska,Czech Republic,Coalition for Republic â€“ Republican Party of Czechoslovakia,SPR-RSC,1,1900,2100,1900,2100,0,1,1900,2100,1900,2100,0,0,2100,2100,2100,2100,0,1,1900,2100,1900,2100,0,1657,872,82710
Strana svobodných obcanu,Czech Republic,Party of Free Citizens,SSO,0,2100,2100,2100,2100,0,0,2100,2100,2100,2100,0,0,2100,2100,2100,2100,0,1,1900,2100,1900,2100,0,254,363,
Suverenita – blok Jany Bobošíkové,Czech Republic,Sovereignty -- Jana Bobosikova Bloc,S-JB,1,1900,2100,1900,2100,0,1,1900,2100,2100,2100,1,0,2100,2100,2100,2100,0,1,1900,2100,1900,2100,0,293,1613,
Svoboda a prímá demokracie Tomio Okamura,Czech Republic,Freedom and Direct Democracy â€“ Tomio Okamura,SPD,1,1900,2100,1900,2100,0,1,1900,2100,1900,2100,0,0,2100,2100,2100,2100,0,1,1900,2100,1900,2100,0,6125,2654,82721
Úsvit prímé demokracie,Czech Republic,Dawn-National Coalition,Dawn,1,1900,2100,1900,2100,0,1,1900,2100,2100,2100,1,0,2100,2100,2100,2100,0,1,1900,2100,1900,2100,0,2049,2262,82720
Veci verejné,Czech Republic,Public Affairs,VV,1,1900,2100,1900,2100,0,0,2100,2100,2100,2100,0,0,2100,2100,2100,2100,0,0,2100,2100,2100,2100,0,1202,336,82952
Dansk Folkeparti,Denmark,Danish People's Party,DF,1,1900,2100,1900,2100,0,1,1900,2100,1900,2100,0,0,2100,2100,2100,2100,0,1,1900,2100,1900,2100,0,1022,1418,13720
Enhedslisten – De Rød-Grønne,Denmark,Red-Green Alliance,En-O,0,2100,2100,2100,2100,0,0,2100,2100,2100,2100,0,1,1900,2100,1900,2100,0,1,1900,2100,1900,2100,0,1527,306,13229
Fremskridtspartiet,Denmark,Progress Party,FrP,1,1900,2100,1900,2100,0,1,1900,2100,1900,2100,0,0,2100,2100,2100,2100,0,1,1900,2100,1900,2100,0,1601,978,13951
Nye Borgerlige,Denmark,The New Right,NB,1,1900,2100,2100,2100,1,1,1900,2100,1900,2100,0,0,2100,2100,2100,2100,0,1,1900,2100,1900,2100,0,7339,2781,
Socialistisk Folkeparti,Denmark,Socialist People's Party,SF,0,2100,2100,2100,2100,0,0,2100,2100,2100,2100,0,1,1900,2100,2100,2100,1,0,2100,2100,2100,2100,0,329,1644,13230
Tjóðveldi,Denmark,Republic (Faroe Islands),T,0,2100,2100,2100,2100,0,0,2100,2100,2100,2100,0,1,1900,2100,1900,2100,0,0,2100,2100,2100,2100,0,,2568,
Eesti Kodanik,Estonia,Estonian Citizens,EKo,1,1900,2100,1900,2100,0,1,1900,2100,1900,2100,0,0,2100,2100,2100,2100,0,0,2100,2100,2100,2100,0,1319,1064,83712
Eesti Konservatiivne Rahvaerakond,Estonia,Estonian Conservative People's Party,EKRE,1,1900,2100,1900,2100,0,1,1900,2100,1900,2100,0,0,2100,2100,2100,2100,0,1,1900,2100,1900,2100,0,110,417,83612
Erakond Res Publica,Estonia,Res Publica,ERP,0,2100,2100,2100,2100,1,0,2100,2100,2100,2100,0,0,2100,2100,2100,2100,0,0,2100,2100,2100,2100,0,491,428,
Sõltumatud Kuningriiklased,Estonia,Independent Royalists,SK,1,1900,2100,1900,2100,0,0,2100,2100,2100,2100,0,0,2100,2100,2100,2100,0,0,2100,2100,2100,2100,0,1361,25,83901
Demokraattinen Liitto | Vasemmistoliitto,Finland,Left Alliance,VAS,0,2100,2100,2100,2100,0,0,2100,2100,2100,2100,0,1,1900,2100,1900,2100,0,1,1900,1994,1900,1994,0,1096,1292,14221
Sininen tulevaisuus,Finland,Blue Reform,SIN,1,1900,2100,1900,2100,0,0,2100,2100,2100,2100,0,0,1900,2100,1900,2100,0,1,1900,2100,1900,2100,0,5859,2645,
Suomen Maaseudun Puolue | Perussuomalaiset,Finland,Finns Party,Ps,1,1900,2100,1900,2100,0,1,1900,2100,1900,2100,0,0,1900,2100,1900,2100,0,1,1900,2100,1900,2100,0,1689,200,14820
Debout la république | Debout la France,France,Republic Arise | France Arise,DLR|DLF,1,1900,2100,1900,2100,0,1,2017,2100,2017,2100,0,0,2100,2100,2100,2100,0,1,1900,2100,1900,2100,0,3207,2399,
Front national,France,National Front / Rally,FN / RN,1,1900,2100,1900,2100,0,1,1900,2100,1900,2100,0,0,2100,2100,2100,2100,0,1,1900,2100,1900,2100,0,433,270,31720
La France Insoumise,France,France Unbowed,FI,1,1900,2100,1900,2100,0,0,2100,2100,2100,2100,0,1,1900,2100,1900,2100,0,1,1900,2100,1900,2100,0,5858,2644,31240
Mouvement pour la France,France,Movement for France,MF,0,2100,2100,2100,2100,0,0,2100,2100,2100,2100,1,0,2100,2100,2100,2100,0,1,1900,2100,1900,2100,0,364,1101,
Parti communiste français,France,French Communist Party / Left Front,PCF/FdG,0,2100,2100,2100,2100,0,0,2100,2100,2100,2100,0,1,1900,2100,1900,2100,0,1,1900,2100,1900,2100,0,1251,686,31220
Rassemblement pour la France,France,Rally for France,RPF,0,2100,2100,2100,2100,0,1,1900,2100,2100,2100,1,0,2100,2100,2100,2100,0,1,1900,2100,1900,2100,0,,2252,
Alternative für Deutschland,Germany,Alternative for Germany,AfD,1,1900,2100,1900,2100,0,1,2015,2100,2015,2100,0,0,2100,2100,2100,2100,0,1,1900,2100,1900,2100,0,1976,2253,41953
PDS | Die Linke,Germany,The Left (Germany),Linke,1,1900,2100,1900,2100,0,0,2100,2100,2100,2100,0,1,1900,2100,1900,2100,0,1,1900,2100,1900,2100,0,86,791,41221
Anexartitoi Ellines,Greece,Independent Greeks,ANEL,1,1900,2100,1900,2100,0,0,2100,2100,2100,2100,0,0,2100,2100,2100,2100,0,1,1900,2100,1900,2100,0,1651,2091,34730
Dimokratiko Koinoniko Kinima,Greece,Democratic Social Movement,DIKKI,1,1900,2100,1900,2100,0,0,2100,2100,2100,2100,0,1,1900,2100,1900,2100,0,1,1900,2100,1900,2100,0,1682,720,34314
Elliniki Lisi,Greece,Greek Solution,EL,1,1900,2100,1900,2100,0,1,1900,2100,1900,2100,0,0,2100,2100,2100,2100,0,1,1900,2100,1900,2100,0,7347,2780,
European Realistic Disobedience Front [MeRa25],Greece,European Realistic Disobedience Front [MeRa25],MR25,1,1900,2100,1900,2100,0,0,2100,2100,2100,2100,0,1,1900,2100,1900,2100,0,1,1900,2100,1900,2100,0,7348,2742,
Kommounistikó Kómma Elládas,Greece,Comnunist Party of Greece,KKE,0,2100,2100,2100,2100,0,0,2100,2100,2100,2100,0,1,1900,2100,1900,2100,0,1,1900,2100,1900,2100,0,48,614,34210
Laïkós Orthódoxos Synagermós,Greece,Popular Orthodox Rally,LAOS,1,1900,2100,1900,2100,0,1,1900,2100,1900,2100,0,0,2100,2100,2100,2100,0,1,1900,2100,1900,2100,0,965,1179,34710
Laikos Syndesmos – Chrysi Avg,Greece,Golden Dawn,Golden Dawn,0,2100,2100,2100,2100,0,1,1900,2100,1900,2100,0,0,2100,2100,2100,2100,0,1,1900,2100,1900,2100,0,1660,2092,34720
Oikol<U+03CC>goi Enallaktiko<U+03AF>,Greece,Alternative Ecologists,OE,0,2100,2100,2100,2100,0,0,2100,2100,2100,2100,0,1,1900,2100,2100,2100,1,0,2100,2100,2100,2100,0,,2163,
Politiki Anixi,Greece,Political Spring,POLAN,1,1900,2100,2100,2100,1,1,1900,2100,1900,2100,0,0,2100,2100,2100,2100,0,0,2100,2100,2100,2100,0,312,1412,34512
Synaspismós Rizospastikís Aristerás,Greece,Syriza - The Coalition of the Radical Left,SYRIZA,1,1900,2100,1900,2100,0,0,2100,2100,2100,2100,0,1,1900,2100,1900,2100,0,1,1900,2100,1900,2100,0,301,1592,34020
Synaspismós tis Aristerás,Greece,Synaspismos - The Coalition of the Left,SYN,1,2008,2013,2008,2013,0,0,2100,2100,2100,2100,0,1,1900,2100,1900,2100,0,1,1900,2015,1900,2015,0,516,1441,34211
Fidesz – Magyar Polgári Szövetség,Hungary,Fidesz - Hungarian Civic Alliance,FIDESZ,1,2002,2100,2002,2100,0,1,2010,2100,2010,2100,0,0,2100,2100,2100,2100,0,1,2010,2100,2010,2100,0,,921,86421
Fidesz – Magyar Polgári Szövetség / Kereszténydemokrata Néppárt,Hungary,Fidesz -- Hungarian Civic Party / Christian Democratic People's Party,Fi+KDNP,1,2002,2100,2002,2100,0,1,2010,2100,2010,2100,0,0,2100,2100,2100,2100,0,1,2010,2100,2010,2100,0,,437,86421
Jobbik Magyarországért Mozgalom,Hungary,"Jobbik, the Movement for a Better Hungary",Jobbik,1,1900,2100,1900,2100,0,1,1900,2100,1900,2100,0,0,2100,2100,2100,2100,0,1,1900,2100,1900,2100,0,42,600,86710
Kereszténydemokrata Néppárt,Hungary,Christian Democratic People's Party,KDNP,0,1900,2100,1900,2100,0,1,1900,2100,1900,2100,0,0,2100,2100,2100,2100,0,1,1900,2100,1900,2100,0,1412,434,86522
Magyar Igazság és Élet Pártja,Hungary,Hungarian Justice and Life Party,MIÉP,1,1900,2100,1900,2100,0,1,1900,2100,1900,2100,0,0,2100,2100,2100,2100,0,1,1900,2100,1900,2100,0,1597,95,86620
Magyar Munkáspárt,Hungary,Hungarian Workers' Party,MMP,0,2100,2100,2100,2100,0,0,2100,2100,2100,2100,0,1,1900,2100,1900,2100,0,1,1900,2100,1900,2100,0,859,1202,
Mi Hazánk Mozgalom,Hungary,Our Homeland Movement,MH,1,1900,2100,1900,2100,0,1,1900,2100,1900,2100,0,0,2100,2100,2100,2100,0,1,1900,2100,1900,2100,0,7349,2745,
Alþýðubandalagið,Iceland,People's Alliance,Ab,0,2100,2100,2100,2100,0,0,2100,2100,2100,2100,0,1,1900,1998,1900,1998,0,0,2100,2100,2100,2100,0,1249,1360,15220
Borgarahreyfingin – Hreyfingin,Iceland,Civic Movement -- The Movement,B-H,1,1900,2100,1900,2100,0,0,2100,2100,2100,2100,0,0,2100,2100,2100,2100,0,0,2100,2100,2100,2100,0,224,587,15430
Flokkur fólksins,Iceland,People's Party,FIF,1,1900,2100,2100,2100,1,0,2100,2100,2100,2100,0,0,2100,2100,2100,2100,0,1,1900,2100,1900,2100,0,5852,2632,
Framsóknarflokkurinn,Iceland,Progressive Party,F,0,2100,2100,2100,2100,0,0,2100,2100,2100,2100,0,0,2100,2100,2100,2100,0,1,1900,2100,1900,2100,0,964,1455,15810
Frjálslyndi flokkurinn,Iceland,Liberal Party,Ff,0,2100,2100,2100,2100,0,0,2100,2100,2100,2100,0,0,2100,2100,2100,2100,0,1,1900,2100,1900,2100,0,1890,2441,
Miðflokkurinn,Iceland,Centre Party,M,1,1900,2100,2100,2100,1,0,2100,2100,2100,2100,0,0,2100,2100,2100,2100,0,1,1900,2100,1900,2100,0,7565,2655,
Sjálfstæðisflokkurinn,Iceland,Independence Party,Sj,0,2100,2100,2100,2100,0,0,2100,2100,2100,2100,0,0,2100,2100,2100,2100,0,1,1900,2100,1900,2100,0,363,1342,15620
Democratic Left,Ireland,Democratic Left,DLP,0,2100,2100,2100,2100,0,0,2100,2100,2100,2100,0,1,1900,2100,1900,2100,0,0,2100,2100,2100,2100,0,1172,1580,53221
People Before Profit Alliance,Ireland,People Before Profit Alliance,PBPA,0,2100,2100,2100,2100,0,0,2100,2100,2100,2100,0,1,1900,2100,1900,2100,0,1,1900,2100,1900,2100,0,242,1804,53231
Sinn Féin,Ireland,Sinn FÃ©in,SF,1,1900,2100,1900,2100,0,0,2100,2100,2100,2100,0,1,1900,2100,1900,2100,0,1,1900,2100,1900,2100,0,4,2217,53951
Sinn Féin The Workers' Party,Ireland,Sinn Fein The Workers' Party,SFWP,0,1900,2100,1900,2100,0,0,2100,2100,2100,2100,0,1,1900,2100,1900,2100,0,1,1900,2100,1900,2100,0,208,433,53220
Socialist Party,Ireland,Socialist Party (Ireland),SP,0,2100,2100,2100,2100,0,0,2100,2100,2100,2100,0,1,1900,2100,1900,2100,0,1,1900,2100,1900,2100,0,1448,1014,53230
Fiamma Tricolore,Italy,Tricolor Flame Social Movement,MSFT,0,2100,2100,2100,2100,0,1,1900,2100,1900,2100,0,0,2100,2100,2100,2100,0,1,1900,2100,1900,2100,0,1101,176,
Forza Italia – Il Popolo della Libertà,Italy,The People of Freedom / Forza Italia (FI),FI/PdL,1,1900,2100,1900,2018,0,0,2100,2100,2100,2100,0,0,2100,2100,2100,2100,0,0,2100,2100,2100,2100,1,1626,596,32610
Fratelli d'Italia – Centrodestra Nazionale,Italy,Brothers of Italy,FdI,1,1900,2100,1900,2100,0,1,1900,2100,1900,2100,0,0,2100,2100,2100,2100,0,1,1900,2100,1900,2100,0,2280,2154,32630
Il Popolo della Libertà,Italy,The People of Freedom / Forza Italia (FI),PdL,1,1900,2100,1900,2018,0,0,2100,2100,2100,2100,0,0,2100,2100,2100,2100,0,0,2100,2100,2100,2100,1,365,67,32061
Lega (Nord),Italy,(Northern) League,LN,1,1900,2100,1900,2100,0,1,1900,2100,1900,2100,0,0,2100,2100,2100,2100,0,1,1900,2100,1900,2100,0,1221,1436,32720
Lega d'Azione Meridionale,Italy,Southern Action League,LAM,1,1900,2100,1900,2100,0,1,1900,2100,1900,2100,0,0,2100,2100,2100,2100,0,1,1900,2100,1900,2100,0,,436,
Liga Veneta,Italy,Venetian League,LV,1,1900,2100,1900,2100,0,0,2100,2100,2100,2100,1,0,2100,2100,2100,2100,0,0,1900,2100,1900,2100,0,718,1080,
Movimento 5 Stelle,Italy,Five Star Movement,M5S,1,1900,2100,1900,2100,0,0,2100,2100,2100,2100,0,0,2100,2100,2100,2100,0,1,1900,2100,1900,2100,0,2046,2155,
Movimento Sociale Italiano,Italy,Italian Social Movement,MSI,0,2100,2100,2100,2100,0,1,1900,2100,1900,2100,0,0,2100,2100,2100,2100,0,0,2100,2100,2100,2100,0,1696,831,
Partito dei Comunisti Italiani,Italy,Party of the Italian Communists,PdCI,0,2100,2100,2100,2100,0,0,2100,2100,2100,2100,0,1,1900,2100,1900,2100,0,1,1900,2100,1900,2100,0,1635,1661,32213
Partito della Rifondazione Comunista,Italy,Communist Refoundation Party,PRC,0,2100,2100,2100,2100,0,0,2100,2100,2100,2100,0,1,1900,2100,1900,2100,0,1,1900,2100,1900,2100,0,1404,1321,32212
Rivoluzione Civile,Italy,Civil Revolution,RC,0,2100,2100,2100,2100,0,0,2100,2100,2100,2100,0,1,1900,2100,1900,2100,0,1,1900,2100,1900,2100,0,2277,,
Sinistra,Italy,Left Ecology Freedom / Left,SEL / L,0,2100,2100,2100,2100,0,0,2100,2100,2100,2100,0,1,1900,2100,1900,2100,0,0,2100,2100,2100,2100,0,1212,465,32230
Jaunais Laiks,Latvia,New Era,JL,0,2100,2100,2100,2100,1,0,2100,2100,2100,2100,0,0,2100,2100,2100,2100,0,0,2100,2100,2100,2100,0,1531,1518,87423
Kam pieder valsts?,Latvia,Who owns the state?,KPV LV,1,1900,2100,2100,2100,1,0,1900,2100,1900,2100,0,0,2100,2100,2100,2100,0,1,1900,2100,1900,2100,0,6356,2715,
Latvijas Komunistiska partija,Latvia,Communist Party of Latvia,LKP,0,2100,2100,2100,2100,0,0,2100,2100,2100,2100,0,1,1900,2100,1900,2100,0,1,1900,2100,1900,2100,0,600,1260,
Latvijas Socialistiska partija,Latvia,Socialist Party of Latvia,LSP,0,2100,2100,2100,2100,0,0,2100,2100,2100,2100,0,1,1900,2100,1900,2100,0,1,1900,2100,1900,2100,0,588,309,87310
Latvijas Vienibas Partija,Latvia,Latvian Unity Party,LVP,0,2100,2100,2100,2100,0,0,2100,2100,2100,2100,0,1,1900,2100,1900,2100,0,0,2100,2100,2100,2100,0,373,1042,87320
Reformu partija,Latvia,Reform Party,ZRP,1,1900,2100,1900,2100,0,0,2100,2100,2100,2100,0,0,2100,2100,2100,2100,0,0,2100,2100,2100,2100,0,1476,1942,87620
Tevzemei un Brivibai,Latvia,For Fatherland and Freedom,TB,0,2100,2100,2100,2100,0,1,1900,2100,1900,2100,0,0,2100,2100,2100,2100,0,0,2100,2100,2100,2100,0,671,203,87721
Darbo Partija,Lithuania,Labour Party,DP,1,2004,2005,2004,2005,0,0,2100,2100,2100,2100,0,0,2100,2100,2100,2100,0,0,2100,2100,2100,2100,0,102,581,88440
Drasos Kelias,Lithuania,The Way of Courage,DK,1,1900,2100,1900,2100,0,0,2100,2100,2100,2100,0,0,2100,2100,2100,2100,0,0,2100,2100,2100,2100,0,74,2121,88952
Jaunoji Lietuva,Lithuania,Young Lithuania,JL,1,1900,2100,1900,2100,0,1,1900,2100,1900,2100,0,0,2100,2100,2100,2100,0,1,1900,2100,1900,2100,0,1026,383,
Lietuviu tautininku sajunga,Lithuania,Lithuanian National Union List,LTS,0,2100,2100,2100,2100,0,1,1900,2100,1900,2100,0,0,2100,2100,2100,2100,0,1,1900,2100,1900,2100,0,377,432,88710
Lietuvos Centro Partija,Lithuania,Lithuanian Centre Party,LCP,1,2016,2100,2016,2100,0,0,2100,2100,2100,2100,0,0,2100,2100,2100,2100,0,1,2016,2100,2016,2100,0,5455,2635,
Lietuvos komunistu partija,Lithuania,Communist Party of Lithuania,LKP,0,2100,2100,2100,2100,0,0,2100,2100,2100,2100,0,1,1989,1990,1989,1990,0,0,2100,2100,2100,2100,0,1587,1446,
Lietuvos komunistu partija TSKP platformoje,Lithuania,Lithuanian Communist Party on the CPSU Platform,TSKP,0,2100,2100,2100,2100,0,0,2100,2100,2100,2100,0,1,1989,1991,1989,1991,0,0,2100,2100,2100,2100,0,,1623,
Lietuvos laisves sajunga,Lithuania,Lithuanian Liberty Union,LLaS,1,1900,2100,1900,2100,0,0,2100,2100,2100,2100,0,1,1900,2100,1900,2100,0,1,1900,2100,1900,2100,0,1410,1562,
Socialist People's Front,Lithuania,Socialist People's Front,SPF / Fronto,0,2100,2100,2100,2100,0,0,2100,2100,2100,2100,0,1,1900,2100,1900,2100,0,1,1900,2100,1900,2100,0,1250,1056,
Tautos prisikelimo partija,Lithuania,National Resurrection Party,TPP,1,1900,2100,1900,2100,0,0,2100,2100,2100,2100,0,0,2100,2100,2100,2100,0,0,2100,2100,2100,2100,0,347,1502,88630
Tvarka ir teisingumas – Liberalu Demokratu Partija,Lithuania,Order and Justice,TT,1,1900,2100,1900,2100,0,0,2100,2100,2100,2100,0,0,2100,2100,2100,2100,0,1,1900,2100,1900,2100,0,237,1421,88460
Aktionskomitee Rente – Comité d’action pensions | Alternativ Demokratesch Reformpartei – Parti réformiste d'alternative démocratique,Luxembourg,Alternative Democratic Reform Party,ADR,1,1900,2100,2100,2100,1,0,2100,2100,2100,2100,1,0,2100,2100,2100,2100,0,1,1900,2100,1900,2100,0,1114,1582,23951
Déi Lénk – La Gauche – Die Linke,Luxembourg,The Left (Luxembourg),Dei Lenk,0,2100,2100,2100,2100,0,0,2100,2100,2100,2100,0,1,1900,2100,1900,2100,0,1,1900,2100,1900,2100,0,271,457,23230
Kommunistesch Partei Lëtzebuerg – Parti Communiste Luxembourgeois – Kommunistische Partei Luxemburg,Luxembourg,Communist Party of Luxembourg,KPL,0,2100,2100,2100,2100,0,0,2100,2100,2100,2100,0,1,1900,2100,1900,2100,0,1,1900,2100,1900,2100,0,1647,151,23220
National Bewegung,Luxembourg,National Movement,NB,0,2100,2100,2100,2100,0,1,1900,2100,1900,2100,0,0,2100,2100,2100,2100,0,1,1900,2100,1900,2100,0,995,374,
50PLUS,Netherlands,50PLUS,50PLUS,0,2100,2100,2100,2100,0,0,2100,2100,2100,2100,0,0,2100,2100,2100,2100,0,1,1900,2100,1900,2100,0,714,2109,22953
Centrum Democraten,Netherlands,Centre Democrats,CD,1,1900,2100,1900,2100,0,1,1900,2100,1900,2100,0,0,2100,2100,2100,2100,0,1,1900,2100,1900,2100,0,1472,209,22711
Forum voor Democratie,Netherlands,Forum for Democracy,FvD,1,1900,2100,1900,2100,0,1,1900,2100,1900,2100,0,0,2100,2100,2100,2100,0,1,1900,2100,1900,2100,0,5855,2642,22730
Gereformeerd Politiek Verbond,Netherlands,Reformed Political League,GPV,0,2100,2100,2100,2100,0,0,2100,2100,2100,2100,0,0,2100,2100,2100,2100,0,1,1900,2100,1900,2100,0,1602,625,22527
Leefbaar Nederland,Netherlands,Livable Netherlands,LN,1,1900,2100,1900,2100,0,0,2100,2100,2100,2100,0,0,2100,2100,2100,2100,0,0,1900,2100,1900,2100,0,1420,744,22430
Lijst Pim Fortuyn,Netherlands,Fortuyn List,LPF,1,1900,2100,1900,2100,0,0,2100,2100,2100,2100,1,0,2100,2100,2100,2100,0,1,1900,2100,1900,2100,0,1528,456,22720
Partij voor de Dieren,Netherlands,Party for the Animals,PvdD,0,2100,2100,2100,2100,0,0,2100,2100,2100,2100,0,0,2100,2100,2100,2100,0,1,1900,2100,1900,2100,0,1467,990,22951
Partij voor de Vrijheid,Netherlands,Party for Freedom,PVV,1,1900,2100,1900,2100,0,1,1900,2100,1900,2100,0,0,2100,2100,2100,2100,0,1,1900,2100,1900,2100,0,298,1501,22722
Socialistiese Partij,Netherlands,Socialist Party (Netherlands),SP,1,1900,2100,2100,2100,1,0,2100,2100,2100,2100,0,1,1900,2100,1900,2100,0,1,1900,2100,1900,2100,0,1363,357,22220
Staatkundig Gereformeerde Partij,Netherlands,Political Reform Party,SGP,0,2100,2100,2100,2100,0,0,2100,2100,2100,2100,0,0,2100,2100,2100,2100,0,1,1900,2100,1900,2100,0,1178,1251,22952
Fremskrittspartiet,Norway,Progress Party (Norway),FrP,1,1900,2100,1900,2100,0,1,1900,2100,1900,2100,0,0,2100,2100,2100,2100,0,1,1900,2100,1900,2100,0,101,351,12951
Kristelig Folkeparti,Norway,Christian Democratic Party,KrF,0,2100,2100,2100,2100,0,0,2100,2100,2100,2100,0,0,2100,2100,2100,2100,0,1,1900,2100,1900,2100,0,705,1538,12520
Kystpartiet,Norway,Coastal Party,Kp,1,1900,2100,2100,2100,1,0,2100,2100,2100,2100,0,0,2100,2100,2100,2100,0,1,1900,2100,1900,2100,0,677,780,
Rød Valgallianse,Norway,Red Party,Rodt,0,2100,2100,2100,2100,1,0,2100,2100,2100,2100,0,1,1900,2100,1900,2100,0,1,1900,2100,1900,2100,0,44,1638,
Senterpartiet,Norway,Centre Party,SP,0,2100,2100,2100,2100,0,0,2100,2100,2100,2100,0,0,2100,2100,2100,2100,0,1,1900,2100,1900,2100,0,1072,702,12810
Sosialistisk Venstreparti,Norway,Socialist Left Party,SV,0,2100,2100,2100,2100,0,0,2100,2100,2100,2100,0,1,1900,2100,1900,2100,0,1,1900,2100,1900,2100,0,719,81,12221
Koalicja Odnowy Rzeczypospolitej Wolnosc i Nadzieja,Poland,Coalition for the Renewal of the Republic â€“ Liberty and Hope,KORWiN,0,2100,2100,2100,2100,0,1,1900,2100,1900,2100,0,0,2100,2100,2100,2100,0,1,1900,2100,1900,2100,0,4629,2602,
Koalicja Odnowy Rzeczypospolitej Wolnosc i Nadzieja KORWiN,Poland,Coalition for the Renewal of the Republic â€“ Liberty and Hope (KORWiN),ZRP,0,2100,2100,2100,2100,0,1,1900,2100,1900,2100,0,0,2100,2100,2100,2100,0,1,1900,2100,1900,2100,0,4629,2602,
Kukiz'15,Poland,Kukiz '15,Kukiz '15,1,1900,2100,1900,2100,0,1,1900,2100,1900,2100,0,0,2100,2100,2100,2100,0,1,1900,2100,1900,2100,0,4631,2600,
Lewica Razem,Poland,Left Together,LR,0,2100,2100,2100,2100,1,0,2100,2100,2100,2100,0,0,2100,2100,2100,2100,0,0,2100,2100,2100,2100,0,,2790,
Liga Polskich Rodzin,Poland,League of Polish Families,LPR,1,1900,2100,1900,2100,0,1,1900,2100,1900,2100,0,0,2100,2100,2100,2100,0,1,1900,2100,1900,2100,0,1768,987,92713
Partia Razem,Poland,Together Party,Razem,0,2100,2100,2100,2100,0,0,2100,2100,2100,2100,0,1,1900,2100,1900,2100,0,0,2100,2100,2100,2100,0,4871,2625,
Partia X,Poland,Party X,X,1,1900,2100,1900,2100,0,1,1900,2100,1900,2100,0,0,2100,2100,2100,2100,0,1,1900,2100,1900,2100,0,146,181,92712
Polska Zjednoczona Partia Robotnicza,Poland,Polish United Workers' Party,PZPR,0,2100,2100,2100,2100,0,0,2100,2100,2100,2100,0,1,1900,2100,1900,2100,0,0,2100,2100,2100,2100,0,1286,1077,
Polski Zwiazek Zachodni,Poland,Polish Western Union,PZZ,0,2100,2100,2100,2100,0,0,2100,2100,2100,2100,0,1,1900,2100,1900,2100,0,0,2100,2100,2100,2100,0,,1074,
Prawo i Sprawiedliwosc,Poland,Law and Justice,PiS,1,2005,2100,2005,2100,0,1,2005,2100,2005,2100,0,0,2100,2100,2100,2100,0,1,2005,2100,2005,2100,0,1565,528,92436
Ruch Narodowy,Poland,National Movement,RN,0,2100,2100,2100,2100,0,1,1900,2100,1900,2100,0,0,2100,2100,2100,2100,0,1,1900,2100,1900,2100,0,3224,2398,
Ruch Odbudowy Polski,Poland,Movement for the Reconstruction of Poland,ROP,0,2100,2100,2100,2100,0,1,1900,2100,1900,2100,0,0,2100,2100,2100,2100,0,1,1900,2100,1900,2100,0,1712,148,92621
Samoobrona Rzeczypospolitej Polskiej,Poland,Self-Defense of the Republic Poland,SRP,1,1900,2100,1900,2100,0,0,2100,2100,2100,2100,0,0,2100,2100,2100,2100,0,1,1900,2100,1900,2100,0,727,207,92622
Unia Polityki Realnej | Kongres Nowej Prawicy,Poland,Real Politics Union | Congress of the New Right,UPR|KNP,0,2100,2100,2100,2100,0,1,1900,2100,1900,2100,0,0,2100,2100,2100,2100,0,1,1900,2100,1900,2100,0,283,1549,92432
Zjednoczenie Chrzescijansko-Narodowe,Poland,Christian National Union,ZChN,0,2100,2100,2100,2100,0,0,2100,2100,2100,2100,1,0,2100,2100,2100,2100,0,0,2100,2100,2100,2100,0,70,1758,
Bloco de Esquerda,Portugal,Left Bloc,BE,0,2100,2100,2100,2100,0,0,2100,2100,2100,2100,0,1,1900,2100,1900,2100,0,1,1900,2014,1900,2014,0,1310,557,35211
Chega!,Portugal,Enough!,CH,1,1900,2100,1900,2100,0,1,1900,2100,1900,2100,0,0,2100,2100,2100,2100,0,1,1900,2100,1900,2100,0,,2789,
Coligação Democrático Unitária,Portugal,Unitary Democratic Coalition (PEV & PCP),CDU (PEV & PCP),0,2100,2100,2100,2100,0,0,2100,2100,2100,2100,0,1,1900,2100,1900,2100,0,1,1900,2100,1900,2100,0,284,1295,35229
Partido Comunista Português,Portugal,Portuguese Communist Party,PCP,0,2100,2100,2100,2100,0,0,2100,2100,2100,2100,0,1,1900,2100,1900,2100,0,1,1900,2014,1900,2014,0,310,514,35220
Partidul Poporului – Dan Diaconescu,Romania,People's Party â€“ Dan Diaconescu,PPDD,1,1900,2100,1900,2100,0,0,2100,2100,2100,2100,0,0,2100,2100,2100,2100,0,0,2100,2100,2100,2100,0,2474,2130,93981
Partidul România Mare,Romania,Greater Romania Party,PRM,1,1900,2100,1900,2100,0,1,1900,2100,1900,2100,0,0,2100,2100,2100,2100,0,1,1900,2100,1900,2100,0,1305,713,93712
Partidul România Unita,Romania,United Romania Party,PRU,1,1900,2100,1900,2100,0,1,1900,2100,1900,2100,0,0,2100,2100,2100,2100,0,1,1900,2100,1900,2100,0,5854,2648,
Partidul Socialist al Muncii,Romania,Socialist Party of Labour,PSM,0,2100,2100,2100,2100,0,0,2100,2100,2100,2100,0,1,1900,2100,1900,2100,0,0,2100,2100,2100,2100,0,1217,562,93713
Partidul Socialist Democrat Român,Romania,Romanian Socialist Democratic Party,PSoDR,0,2100,2100,2100,2100,0,0,2100,2100,2100,2100,0,1,1900,2100,1900,2100,0,0,2100,2100,2100,2100,0,1078,307,93222
Partidul Unitatii Nationale a Romanilor,Romania,Romanian National Unity Party,PUNR,1,1900,2100,1900,2100,0,1,1900,2100,1900,2100,0,0,2100,2100,2100,2100,0,0,2100,2100,2100,2100,1,1451,648,93711
Aliancia nového obcana,Slovakia,Alliance of the New Citizen,ANO,1,1900,2100,1900,2100,0,0,2100,2100,2100,2100,0,0,2100,2100,2100,2100,0,0,2100,2100,2100,2100,0,217,1200,96424
Komunistická strana Slovenska,Slovakia,Communist Party of Slovakia,KSS,0,2100,2100,2100,2100,0,0,2100,2100,2100,2100,0,1,1900,2100,1900,2100,0,1,1900,2100,1900,2100,0,340,44,96222
Ludová strana Naše Slovensko,Slovakia,Kotleba - People's Party Our Slovakia,L'SNS,0,2100,2100,2100,2100,0,1,1900,2100,1900,2100,0,0,2100,2100,2100,2100,0,1,1900,2100,1900,2100,0,656,586,96720
Obcianska konzervatívna strana,Slovakia,Civic Conservative Party,OKS,0,2100,2100,2100,2100,0,0,2100,2100,2100,2100,0,0,2100,2100,2100,2100,0,1,1900,2100,1900,2100,0,665,1645,96610
Obycajní ludia a nezávislé osobnosti,Slovakia,Ordinary People,OLaNO,1,1900,2100,1900,2100,0,0,2100,2100,2100,2100,0,0,2100,2100,2100,2100,0,0,2100,2100,2100,2100,0,2130,1759,96620
Pravá Slovenská národná strana,Slovakia,Real Slovak National Party,PSNS,1,1900,2100,1900,2100,0,1,1900,2100,1900,2100,0,0,2100,2100,2100,2100,0,1,1900,2100,1900,2100,0,129,20,
Sloboda a solidarita,Slovakia,Freedom and Solidarity,SaS,0,2100,2100,2100,2100,0,0,2100,2100,2100,2100,1,0,2100,2100,2100,2100,0,1,1900,2100,1900,2100,0,1386,1460,96440
Slovenská národná strana,Slovakia,Slovak National Party,SNS,1,1900,2100,1900,2100,0,1,1900,2100,1900,2100,0,0,2100,2100,2100,2100,0,1,1900,2100,1900,2100,0,730,1072,96710
Sme Rodina – Boris Kollár,Slovakia,We are family,SR,1,1900,2100,1900,2100,0,1,1900,2100,1900,2100,0,0,2100,2100,2100,2100,0,1,1900,2100,1900,2100,0,4873,2623,96725
Smer – sociálna demokracia,Slovakia,Direction - Social Democracy,Smer,1,1999,2007,1999,2007,0,0,2100,2100,2100,2100,0,0,2100,2100,2100,2100,0,0,2100,2100,2100,2100,0,311,220,96423
Strana obcianskeho porozumenia,Slovakia,Party of Civic Understanding,SOP,1,1900,2100,1900,2100,0,0,2100,2100,2100,2100,0,0,2100,2100,2100,2100,0,0,2100,2100,2100,2100,0,9,1016,96422
Združenie robotníkov Slovenska,Slovakia,Association of Workers of Slovakia,ZRS,1,1900,2100,1900,2100,0,0,2100,2100,2100,2100,0,1,1900,2100,1900,2100,0,1,1900,2100,1900,2100,0,230,1563,96210
Levica,Slovenia,The Left,L,1,1900,2100,1900,2100,0,0,2100,2100,2100,2100,0,1,1900,2100,1900,2100,0,1,1900,2100,1900,2100,0,6131,2670,
Lista Marjana Šarca,Slovenia,List of Marjan Sarec,LMS,1,1900,2100,1900,2100,0,0,2100,2100,2100,2100,0,0,2100,2100,2100,2100,0,0,2100,2100,2100,2100,0,6132,2668,
Slovenska Demokratska Stranka,Slovenia,Slovenian Democratic Party,SDS,1,1900,2100,1900,2100,0,1,1900,2100,1900,2100,0,0,2100,2100,2100,2100,0,0,2100,2100,2100,2100,0,472,179,97330
Slovenska nacionalna stranka,Slovenia,Slovenian National Party,SNS,1,1900,2100,1900,2100,0,1,1900,2100,2100,2100,1,0,2100,2100,2100,2100,0,1,1900,2100,1900,2100,0,96,981,97710
Socialisticna stranka Slovenije,Slovenia,Socialist Party of Slovenia,SSS,0,2100,2100,2100,2100,0,0,2100,2100,2100,2100,0,1,1900,2100,1900,2100,0,0,2100,2100,2100,2100,0,1037,317,
Združena levica,Slovenia,United Left / The Left,ZdLe / L,1,1900,2100,1900,2100,0,0,2100,2100,2100,2100,0,1,1900,2100,1900,2100,0,1,1900,2100,1900,2100,0,1403,706,97321
Bloque Nacionalista Galego,Spain,Galician Nationalist Bloc,BNG,0,2100,2100,2100,2100,0,0,2100,2100,2100,2100,0,1,1900,2100,1900,2100,0,1,1900,2100,1900,2100,0,1011,520,33908
Chunta Aragonesista,Spain,Aragonese Council,CA,0,2100,2100,2100,2100,0,0,2100,2100,2100,2100,0,1,1900,2100,1900,2100,0,0,2100,2100,2100,2100,0,,1367,
Compromís | A la valenciana,Spain,Compromise | A la valenciana,C|AV,0,1900,2100,1900,2100,0,0,2100,2100,2100,2100,0,1,1900,2100,1900,2100,0,1,1900,2100,1900,2100,0,8271,2607,33098
En Comú Podem,Spain,In Common We Can,ECP,1,1900,2100,1900,2019,0,0,2100,2100,2100,2100,0,1,1900,2100,1900,2100,0,1,1900,2100,1900,2100,0,3203,2606,33096
En Marea,Spain,In Tide,EM,1,1900,2100,1900,2019,0,0,2100,2100,2100,2100,0,1,1900,2100,1900,2100,0,1,1900,2100,1900,2100,0,5873,2604,33097
Euskal Herria Bildu,Spain,Basque Country Unite,EHB,0,2100,2100,2100,2100,0,0,2100,2100,2100,2100,0,1,1900,2100,1900,2100,0,1,1900,2100,1900,2100,0,5668,2603,33095
Grupo Común da Esquerda,Spain,Common Group of the Left,GCdE,0,2100,2100,2100,2100,0,0,2100,2100,2100,2100,0,1,1900,2100,1900,2100,0,1,1900,2100,1900,2100,0,,2786,
Herri Batasuna,Spain,United People,HB,0,2100,2100,2100,2100,0,0,2100,2100,2100,2100,0,1,1900,2100,1900,2100,0,1,1900,2100,1900,2100,0,473,1317,
Partido Communista | Izquierda Unida,Spain,United Left,IU,0,2100,2100,2100,2100,0,0,2100,2100,2100,2100,0,1,1900,2100,1900,2100,0,1,1900,2100,1900,2100,0,247,118,33220
Podemos,Spain,Podemos,Podemos,1,1900,2100,1900,2019,0,0,2100,2100,2100,2100,0,1,1900,2100,1900,2100,0,1,1900,2100,1900,2100,0,3203,2376,33210
Vox,Spain,Voice,Vox,1,1900,2100,1900,2100,0,1,1900,2100,1900,2100,0,0,2100,2100,2100,2100,0,1,1900,2100,1900,2100,0,3218,2380,
Ny Demokrati,Sweden,New Democracy,NyD,1,1900,2100,1900,2100,0,1,1900,2100,2100,2100,1,0,2100,2100,2100,2100,0,0,2100,2100,2100,2100,0,343,951,11951
Sverigedemokraterna,Sweden,Sweden Democrats,SD,1,1900,2100,1900,2100,0,1,1900,2100,1900,2100,0,0,2100,2100,2100,2100,0,1,1900,2100,1900,2100,0,409,1546,11710
Vänsterpartiet (kommunisterna),Sweden,Left Party,V,0,2100,2100,2100,2100,0,0,2100,2100,2100,2100,0,1,1900,2100,1900,2100,0,1,1900,2100,1900,2100,0,830,882,11220
Auto-Partei | Freiheitspartei der Schweiz,Switzerland,Automobile Party | Freedom Party of Switzerland,FPS,1,1900,2100,1900,2100,0,1,1900,2100,1900,2100,0,0,2100,2100,2100,2100,0,1,1900,2100,1900,2100,0,1311,1602,43951
Eidgenössisch-Demokratische Union – Union Démocratique Fédérale,Switzerland,Federal Democratic Union of Switzerland,EDU-UDF,1,1900,2100,1900,2100,0,0,2100,2100,2100,2100,0,0,2100,2100,2100,2100,0,1,1900,2100,1900,2100,0,631,1318,43711
Lega dei Ticinesi,Switzerland,Ticino League,LdT,1,1900,2100,1900,2100,0,1,1900,2100,1900,2100,0,0,2100,2100,2100,2100,0,1,1900,2100,1900,2100,0,1661,1500,43901
Mouvement Citoyens Genevois,Switzerland,Geneva Citizens' Movement,MCR,1,1900,2100,1900,2100,0,1,1900,2100,1900,2100,0,0,2100,2100,2100,2100,0,1,1900,2100,1900,2100,0,,2599,
Nationale Aktion – Action Nationale | Schweizer Demokraten – Démocrates Suisses,Switzerland,National Action -- Swiss Democrats,NA|SD,0,2100,2100,2100,2100,0,1,1900,2100,1900,2100,0,0,2100,2100,2100,2100,0,1,1900,2100,1900,2100,0,1819,628,43710
Partei der Arbeit der Schweiz,Switzerland,Swiss Party of Labour,PdA,0,2100,2100,2100,2100,0,0,2100,2100,2100,2100,0,1,1900,2100,1900,2100,0,1,1900,2100,1900,2100,0,669,1167,43220
Partito socialista autonomo,Switzerland,Autonomous Socialist Party,PSA,0,2100,2100,2100,2100,0,0,2100,2100,2100,2100,0,1,1900,2100,1900,2100,0,0,2100,2100,2100,2100,0,31,224,
Schweizerische Volkspartei – Union Démocratique du Centre,Switzerland,Swiss People's Party,SVP,1,1900,2100,1900,2100,0,1,1900,2100,1900,2100,0,0,2100,2100,2100,2100,0,1,1900,2100,1900,2100,0,308,750,43810
solidaritéS,Switzerland,Solidarity,S,0,2100,2100,2100,2100,0,0,2100,2100,2100,2100,0,1,1900,2100,1900,2100,0,1,1900,2100,1900,2100,0,2939,1226,43902
Conservatives,United Kingdom,Conservatives,Con,0,2100,2100,2100,2100,0,0,2100,2100,2100,2100,0,0,2100,2100,2100,2100,0,1,1900,2100,1900,2100,0,1567,773,51620
Democratic Unionist Party,United Kingdom,Democratic Unionist Party,DUP,0,2100,2100,2100,2100,1,0,2100,2100,2100,2100,0,0,2100,2100,2100,2100,0,1,1900,2100,1900,2100,0,335,319,51903
Respect – The Unity Coalition,United Kingdom,Respect -- The Unity Coalition,R,1,1900,2100,1900,2100,0,0,2100,2100,2100,2100,0,1,1900,2100,1900,2100,0,1,1900,2100,1900,2100,0,,1057,
Sinn Féin,United Kingdom,Sinn Fein,SF,1,1900,2100,2100,2100,1,0,2100,2100,2100,2100,0,1,1900,2100,1900,2100,0,1,1900,2100,2100,2100,1,963,689,51210
United Kingdom Independence Party,United Kingdom,United Kingdom Independence Party,UKIP,1,1900,2100,1900,2100,0,1,2002,2100,2002,2100,0,0,2100,2100,2100,2100,0,1,1900,2100,1900,2100,0,601,1272,51951
